SET AUTOCOMMIT on;

/**********************************************************/
/* 1.- Sentencias de borrado de todas las tablas y vistas */
/**********************************************************/

/*****************************************/
 
 DROP INDEX NOMBRE_DISTRIBUIDOR_IND;
 DROP INDEX TIPO_TRANSPORTE_IND;
 DROP INDEX ENLACE_IND;
 DROP INDEX NUM_DESPACHO_IND;
 DROP INDEX NOMBRE_PUBLICACION_IND;
 DROP INDEX COD_EJEMPLAR_IND;
 DROP INDEX FECHA_DISTRIBUCION_IND;
 DROP INDEX NOMBRE_IMPRENTA_IND;
 DROP INDEX FECHA_IMPRESION_IND;
 DROP INDEX TIPO_IND;
 DROP INDEX PUBLICO_IND;
 DROP INDEX PERIODO_IND;
 DROP INDEX ISBN_IND;
 DROP INDEX NOMBRE_IND;
 DROP INDEX PRESENCIALIDAD_IND;
 DROP INDEX TEMATICA_PREFERIDA_IND;
 DROP INDEX ESPECIALIDAD_IND;
 DROP INDEX IDIOMA_IND;
 DROP INDEX COMPETENCIAS_IND;
 DROP INDEX TIPO_CAMARA_IND;
 DROP INDEX ESTILO_IND;
 DROP INDEX NIF_EMPLEADO_IND;
 DROP INDEX NOMBRE_CLIENTE_IND;
 DROP INDEX NIF_CLI_PER_IND;
 DROP INDEX CIF_CLI_EMP_IND;
 DROP INDEX DESCUENTO_IND;
 DROP INDEX PRECIO_IND;
 DROP INDEX COD_RECLAMACION_IND;
 DROP INDEX FECHA_RECLAMACION_IND; 

DROP TABLE DISTRIBUIDOR CASCADE CONSTRAINTS;
DROP TABLE PAQUETERIA CASCADE CONSTRAINTS;
DROP TABLE DISTRIBUIDOR_DIGITAL CASCADE CONSTRAINTS;
DROP TABLE RESPONSABLE CASCADE CONSTRAINTS;
DROP TABLE PUBLICACION CASCADE CONSTRAINTS;
DROP TABLE EJEMPLAR CASCADE CONSTRAINTS;
DROP TABLE DISTRIBUYE CASCADE CONSTRAINTS;
DROP TABLE IMPRENTA CASCADE CONSTRAINTS;
DROP TABLE IMPRIME CASCADE CONSTRAINTS;
DROP TABLE COMIC CASCADE CONSTRAINTS;
DROP TABLE REVISTA CASCADE CONSTRAINTS;
DROP TABLE LIBRO CASCADE CONSTRAINTS;
DROP TABLE PERIODICO CASCADE CONSTRAINTS;
DROP TABLE EMPLEADO CASCADE CONSTRAINTS;
DROP TABLE REDACTOR CASCADE CONSTRAINTS;
DROP TABLE DISENADOR CASCADE CONSTRAINTS;
DROP TABLE TRADUCTOR CASCADE CONSTRAINTS;
DROP TABLE FOTOGRAFO CASCADE CONSTRAINTS;
DROP TABLE DIBUJANTE CASCADE CONSTRAINTS;
DROP TABLE REVISOR CASCADE CONSTRAINTS;
DROP TABLE ESCRITOR CASCADE CONSTRAINTS;
DROP TABLE TRABAJA CASCADE CONSTRAINTS;
DROP TABLE CLIENTE CASCADE CONSTRAINTS;
DROP TABLE CLIENTE_EMPRESA CASCADE CONSTRAINTS;
DROP TABLE CLIENTE_PERSONA CASCADE CONSTRAINTS;
DROP TABLE CLIENTE_EMPLEADO CASCADE CONSTRAINTS;
DROP TABLE COMPRA CASCADE CONSTRAINTS;
DROP TABLE RECLAMACION CASCADE CONSTRAINTS;
DROP TABLE EMITE CASCADE CONSTRAINTS;
DROP TABLE COMPETENCIA CASCADE CONSTRAINTS;
DROP TABLE IDIOMA CASCADE CONSTRAINTS;





/**************************************************/
/* 2.- Creamos las tablas de nuestro Diagrama EER */
/**************************************************/



CREATE TABLE DISTRIBUIDOR
(
  COD_DISTRIBUIDOR INT CONSTRAINT PK_distibuidor PRIMARY KEY, 
  NOMBRE_DISTRIBUIDOR VARCHAR(20) NOT NULL,
  TLFN_DISTRIBUIDOR	VARCHAR2(14) NOT NULL UNIQUE,
  EMAIL_DISTRIBUIDOR VARCHAR2(25) NOT NULL UNIQUE,
  
  CONSTRAINT CK_distribuidor CHECK (COD_DISTRIBUIDOR >= 0)
);

CREATE TABLE PAQUETERIA
(
  COD_PAQUETERIA  INT, 
  COD_DISTRIBUIDOR INT,
  TIPO_TRANSPORTE VARCHAR(20) NOT NULL,
  
  CONSTRAINT PK_Paqueteria PRIMARY KEY (COD_PAQUETERIA, COD_DISTRIBUIDOR),
  CONSTRAINT FK_Paqueteria_Distribuidor FOREIGN KEY (COD_DISTRIBUIDOR) REFERENCES DISTRIBUIDOR(COD_DISTRIBUIDOR),
 
  CONSTRAINT CK_Paqueteria CHECK (TIPO_TRANSPORTE IN ('BARCO','AVION','FURGONETA','COCHE')),
  CONSTRAINT CK_CodPaqueteria CHECK (COD_PAQUETERIA >= 0),
  CONSTRAINT CK_CodDistribuidorPaqueteria CHECK (COD_DISTRIBUIDOR >= 0)
);

CREATE TABLE DISTRIBUIDOR_DIGITAL
(
  COD_DISTRIBUIDOR_DIGITAL INT,
  ENLACE VARCHAR(30) UNIQUE,
  COD_DISTRIBUIDOR INT,
  
  CONSTRAINT PK_DistribuidorDigital PRIMARY KEY (COD_DISTRIBUIDOR_DIGITAL, COD_DISTRIBUIDOR),
  CONSTRAINT FK_DD_Distribuidor FOREIGN KEY (COD_DISTRIBUIDOR) REFERENCES DISTRIBUIDOR(COD_DISTRIBUIDOR),
  CONSTRAINT CK_CodDistribuidorDigital CHECK (COD_DISTRIBUIDOR_DIGITAL >= 0),
  CONSTRAINT CK_CodDistribuidorEnDigital CHECK (COD_DISTRIBUIDOR >= 0)
);

CREATE TABLE EMPLEADO
(
  NIF_EMPLEADO VARCHAR(9) PRIMARY KEY,
  NOMBRE VARCHAR(25) NOT NULL,
  SUPERVISOR VARCHAR(9),
  FECHA_NACIMIENTO DATE NOT NULL,
  
  CONSTRAINT FK_Supervisor FOREIGN KEY (SUPERVISOR) REFERENCES EMPLEADO(NIF_EMPLEADO),
  CONSTRAINT CK_NifEmpleado CHECK (REGEXP_LIKE(NIF_EMPLEADO,'^[0-9]{8}[A-Z]$'))
);

CREATE TABLE RESPONSABLE
(
  NIF_EMPLEADO VARCHAR(9) PRIMARY KEY REFERENCES EMPLEADO(NIF_EMPLEADO),
  NUM_DESPACHO INT,
  
  CONSTRAINT CK_Despacho CHECK (NUM_DESPACHO BETWEEN 1 AND 30)
);

CREATE TABLE REDACTOR
(
  NIF_EMPLEADO VARCHAR(9) PRIMARY KEY REFERENCES EMPLEADO(NIF_EMPLEADO),
  PRESENCIALIDAD VARCHAR(10) NOT NULL,
  
  CONSTRAINT CK_Nifredactor CHECK (REGEXP_LIKE(NIF_EMPLEADO,'^[0-9]{8}[A-Z]$'))
);

CREATE TABLE ESCRITOR
(
  NIF_EMPLEADO VARCHAR(9) PRIMARY KEY REFERENCES EMPLEADO(NIF_EMPLEADO),
  TEMATICA_PREFERIDA VARCHAR(20) NOT NULL,
  
  CONSTRAINT CK_NifEscritor CHECK (REGEXP_LIKE(NIF_EMPLEADO,'^[0-9]{8}[A-Z]$'))
);

CREATE TABLE REVISOR
(
  NIF_EMPLEADO VARCHAR(9) PRIMARY KEY REFERENCES EMPLEADO(NIF_EMPLEADO),
  ESPECIALIDAD VARCHAR(50) NOT NULL,
  
  CONSTRAINT CK_NifRevisor CHECK (REGEXP_LIKE(NIF_EMPLEADO,'^[0-9]{8}[A-Z]$'))
);

CREATE TABLE TRADUCTOR
(
  NIF_EMPLEADO VARCHAR(9) PRIMARY KEY REFERENCES EMPLEADO(NIF_EMPLEADO),
  
  CONSTRAINT CK_NifTraductor CHECK (REGEXP_LIKE(NIF_EMPLEADO,'^[0-9]{8}[A-Z]$'))
);

CREATE TABLE IDIOMA
(
  NIF_EMPLEADO VARCHAR(9) ,
  IDIOMA VARCHAR(30),
  
  CONSTRAINT PK_Idioma PRIMARY KEY (NIF_EMPLEADO, IDIOMA),
  CONSTRAINT FK_Idioma_Empleado FOREIGN KEY (NIF_EMPLEADO) REFERENCES TRADUCTOR(NIF_EMPLEADO)
  );

CREATE TABLE DISENADOR
(
  NIF_EMPLEADO VARCHAR(9) PRIMARY KEY REFERENCES EMPLEADO(NIF_EMPLEADO),
  
  CONSTRAINT CK_NifDisenador CHECK (REGEXP_LIKE(NIF_EMPLEADO,'^[0-9]{8}[A-Z]$'))
);

CREATE TABLE COMPETENCIA
(
  NIF_EMPLEADO VARCHAR(9) ,
  COMPETENCIAS VARCHAR(30),
  CONSTRAINT PK_Competencia PRIMARY KEY (NIF_EMPLEADO, COMPETENCIAS),
  CONSTRAINT FK_Competencia_Empleado FOREIGN KEY (NIF_EMPLEADO) REFERENCES DISENADOR(NIF_EMPLEADO)
  );

CREATE TABLE FOTOGRAFO
(
  NIF_EMPLEADO VARCHAR(9) PRIMARY KEY REFERENCES EMPLEADO(NIF_EMPLEADO),
  TIPO_CAMARA VARCHAR(25),
  
  CONSTRAINT CK_NifFotografo CHECK (REGEXP_LIKE(NIF_EMPLEADO,'^[0-9]{8}[A-Z]$'))
);

CREATE TABLE DIBUJANTE
(
  NIF_EMPLEADO VARCHAR(9) PRIMARY KEY REFERENCES EMPLEADO(NIF_EMPLEADO),
  ESTILO VARCHAR(20),
  
  CONSTRAINT CK_NifDibujante CHECK (REGEXP_LIKE(NIF_EMPLEADO,'^[0-9]{8}[A-Z]$'))
);

CREATE TABLE PUBLICACION 
(
  COD_PUBLICACION INT  PRIMARY KEY,
  NIF_RESPONSABLE VARCHAR(9),
  NOMBRE_PUBLICACION VARCHAR (20) NOT NULL,
  TEMATICA_PUBLICACION VARCHAR(20) NOT NULL,
  FECHA_PUBLICACION DATE,
  AUTOR_PUBLICACION VARCHAR(20) NOT NULL,
  FORMATO_PUBLICACION VARCHAR(20) NOT NULL,
  NUM_PAGINAS INT NOT NULL,
  
  CONSTRAINT CK_formatoPublicacion CHECK (FORMATO_PUBLICACION IN ('FISICO','DIGITAL')),
  CONSTRAINT CK_CodPublicacin CHECK (COD_PUBLICACION >= 0),
  CONSTRAINT CK_NumPaginas CHECK (NUM_PAGINAS >= 0),
  CONSTRAINT FK_Publicacion_Responsable FOREIGN KEY (NIF_RESPONSABLE) REFERENCES RESPONSABLE(NIF_EMPLEADO)
);


CREATE TABLE EJEMPLAR
(
  COD_EJEMPLAR INT CONSTRAINT PK_Ejemplar PRIMARY KEY,
  COD_PUBLICACION INT,
  
  CONSTRAINT CK_CodEjemplar CHECK (COD_EJEMPLAR >= 0),
  CONSTRAINT FK_Ejemplar_Publicacion FOREIGN KEY (COD_PUBLICACION) REFERENCES PUBLICACION(COD_PUBLICACION)
);

CREATE TABLE DISTRIBUYE
(
  COD_EJEMPLAR INT,
  COD_DISTRIBUIDOR INT,
  FECHA_DISTRIBUCION DATE,
  
  CONSTRAINT PK_Distribuye PRIMARY KEY (COD_EJEMPLAR,COD_DISTRIBUIDOR),
  CONSTRAINT CK_FechaDistribuye CHECK (FECHA_DISTRIBUCION>'01-Jan-2000'),
  CONSTRAINT FK_Distribuye_Distribuidor FOREIGN KEY (COD_DISTRIBUIDOR) REFERENCES DISTRIBUIDOR(COD_DISTRIBUIDOR),
  CONSTRAINT FK_Distribuye_Ejemplar FOREIGN KEY (COD_EJEMPLAR) REFERENCES EJEMPLAR(COD_EJEMPLAR)
);

CREATE TABLE IMPRENTA
(
  CIF_IMPRENTA VARCHAR(9) CONSTRAINT PK_imprenta PRIMARY KEY,
  NOMBRE_IMPRENTA VARCHAR(20) NOT NULL,
  TLFN_IMPRENTA	VARCHAR2(14) NOT NULL UNIQUE,
  EMAIL_IMPRENTA	VARCHAR2(25) NOT NULL UNIQUE,
  CONSTRAINT CK_TlfnImprenta CHECK (REGEXP_LIKE(TLFN_IMPRENTA,'^[0-9]{9}$'))
);

CREATE TABLE IMPRIME
( 
  CIF_IMPRENTA VARCHAR(9),
  COD_EJEMPLAR INT,
  FECHA_IMPRESION DATE,
  
  CONSTRAINT CK_FechaImpresion CHECK (FECHA_IMPRESION>'01-Jan-2000'),
  CONSTRAINT PK_Imprime PRIMARY KEY (CIF_IMPRENTA,COD_EJEMPLAR),
  CONSTRAINT FK_ImprimeImprenta FOREIGN KEY (CIF_IMPRENTA) REFERENCES IMPRENTA(CIF_IMPRENTA)
);

CREATE TABLE COMIC
(
  TIPO VARCHAR(50) NOT NULL,
  COD_PUBLICACION INT,

  CONSTRAINT  FK_CodComic FOREIGN KEY (COD_PUBLICACION) REFERENCES PUBLICACION(COD_PUBLICACION),
  PRIMARY KEY (COD_PUBLICACION),
  CONSTRAINT CK_TipoComic CHECK (TIPO IN ('MANGA','AMERICANO','EUROPEO'))

);

CREATE TABLE REVISTA
(
  PUBLICO VARCHAR(50) NOT NULL,
  COD_PUBLICACION INT,

  CONSTRAINT  FK_CodRevista FOREIGN KEY (COD_PUBLICACION) REFERENCES PUBLICACION(COD_PUBLICACION),
  PRIMARY KEY (COD_PUBLICACION),
  CONSTRAINT CK_PublicoRevista CHECK (PUBLICO IN ('ADOLESCENTE','INFANTIL','ADULTO'))
);

CREATE TABLE PERIODICO
(
  PERIODO VARCHAR(50) NOT NULL,
  COD_PUBLICACION INT,

  CONSTRAINT  FK_CodPeriodico FOREIGN KEY (COD_PUBLICACION) REFERENCES PUBLICACION(COD_PUBLICACION),
  PRIMARY KEY (COD_PUBLICACION),
  CONSTRAINT CK_TipoPeriodico CHECK (PERIODO IN ('DIARIO','SEMANAL','MENSUAL'))
);

CREATE TABLE LIBRO
(
  ISBN VARCHAR(9),
  NUM_EDICION VARCHAR(50),
  COD_PUBLICACION INT,

  CONSTRAINT  FK_CodLibro FOREIGN KEY (COD_PUBLICACION) REFERENCES PUBLICACION(COD_PUBLICACION),
  PRIMARY KEY (COD_PUBLICACION),
  CONSTRAINT CK_EdicionPositiva CHECK (NUM_EDICION >= 0)

);


CREATE TABLE TRABAJA
(
  NIF_EMPLEADO VARCHAR(9),
  COD_PUBLICACION INT,
  
  PRIMARY KEY(NIF_EMPLEADO, COD_PUBLICACION),
  CONSTRAINT CK_NifEmpleadoTrabaja CHECK (REGEXP_LIKE(NIF_EMPLEADO,'^[0-9]{8}[A-Z]$')),
  CONSTRAINT CK_CodPublicacionTrabaja CHECK (COD_PUBLICACION >= 0)
 );		
  
 CREATE TABLE CLIENTE(
	NOMBRE varchar2(25) not null,
	TLFN varchar2(25) not null,
	EMAIL varchar2(25) not null,
	COD_CLIENTE int,
	
	primary key (COD_CLIENTE),
	CONSTRAINT CK_TelfCliente CHECK (REGEXP_LIKE(TLFN,'^[0-9]{9}$'))
);

 CREATE TABLE CLIENTE_PERSONA(
 NIF_CLI_PER varchar2(9) NOT NULL,
 COD_CLIENTE int  unique,
	
 FOREIGN KEY (COD_CLIENTE) REFERENCES CLIENTE(COD_CLIENTE),
 primary key (NIF_CLI_PER),
 CONSTRAINT CK_NifPersona CHECK (REGEXP_LIKE(NIF_CLI_PER,'^[0-9]{8}[A-Z]$')),
 CONSTRAINT CK_CodClientePersona CHECK (COD_CLIENTE >= 0)
);

 CREATE TABLE CLIENTE_EMPRESA(
 CIF varchar2(9) NOT NULL,
 COD_CLIENTE int  unique,
	
 FOREIGN KEY (COD_CLIENTE) REFERENCES CLIENTE(COD_CLIENTE),
 CONSTRAINT CK_CodClienteEmpresa CHECK (COD_CLIENTE >= 0)
);
  
CREATE TABLE CLIENTE_EMPLEADO
(
 DESCUENTO INT NOT NULL,
 NIF_CLI_EMP varchar2(9) NOT NULL,
 
 FOREIGN KEY (NIF_CLI_EMP) REFERENCES EMPLEADO (NIF_EMPLEADO),
 FOREIGN KEY (NIF_CLI_EMP) REFERENCES CLIENTE_PERSONA (NIF_CLI_PER),
 PRIMARY KEY(NIF_CLI_EMP),
 CONSTRAINT CK_ClienteEmpleadoNif CHECK (REGEXP_LIKE(NIF_CLI_EMP,'^[0-9]{8}[A-Z]$'))
 );
 
 CREATE TABLE COMPRA
 (
  COD_CLIENTE INT,
  COD_EJEMPLAR INT,
  PRECIO NUMBER(5,2),
  FECHA_COMPRA DATE,
  
  FOREIGN KEY (COD_CLIENTE) REFERENCES CLIENTE(COD_CLIENTE),
  FOREIGN KEY (COD_EJEMPLAR) REFERENCES EJEMPLAR(COD_EJEMPLAR),
  PRIMARY KEY(COD_CLIENTE,COD_EJEMPLAR),
  CONSTRAINT CK_CodClienteCompra CHECK (COD_CLIENTE >= 0),
  CONSTRAINT CK_CodEjemplarCompra CHECK (COD_EJEMPLAR >= 0)
);
 
 CREATE TABLE RECLAMACION
 (
  COD_RECLAMACION INT PRIMARY KEY,
  CONSTRAINT CK_CodReclamacionReclamacion2 CHECK (COD_RECLAMACION >= 0)
 );
  
 CREATE TABLE EMITE
 (
 COD_EJEMPLAR INT NOT NULL,
 COD_CLIENTE INT NOT NULL,
 COD_RECLAMACION INT NOT NULL,
 FECHA_RECLAMACION DATE,
 
 FOREIGN KEY (COD_RECLAMACION) REFERENCES RECLAMACION,
 FOREIGN KEY (COD_CLIENTE,COD_EJEMPLAR) REFERENCES COMPRA,
 PRIMARY KEY (COD_EJEMPLAR,COD_CLIENTE,COD_RECLAMACION),
 CONSTRAINT CK_CodClienteEmite CHECK (COD_CLIENTE >= 0),
 CONSTRAINT CK_CodReclamacionEmite CHECK (COD_RECLAMACION >= 0),
 CONSTRAINT CK_EjemplarEmite CHECK (COD_EJEMPLAR >= 0)
 );
 
 
/*****************************************/
/* 3.- Sentencias de creaci√≥n de indices */
/*****************************************/
 
 CREATE INDEX NOMBRE_DISTRIBUIDOR_IND ON DISTRIBUIDOR(NOMBRE_DISTRIBUIDOR);
 CREATE INDEX TIPO_TRANSPORTE_IND ON PAQUETERIA(TIPO_TRANSPORTE);
 CREATE INDEX ENLACE_IND ON DISTRIBUIDOR_DIGITAL(ENLACE);/*ERROR INDICE*/
 CREATE INDEX NUM_DESPACHO_IND ON RESPONSABLE(NUM_DESPACHO);
 CREATE INDEX NOMBRE_PUBLICACION_IND ON PUBLICACION(NOMBRE_PUBLICACION);
 CREATE INDEX COD_EJEMPLAR_IND ON EJEMPLAR(COD_EJEMPLAR);/*ERROR INDICE*/
 CREATE INDEX FECHA_DISTRIBUCION_IND ON DISTRIBUYE(FECHA_DISTRIBUCION);
 CREATE INDEX NOMBRE_IMPRENTA_IND ON IMPRENTA(NOMBRE_IMPRENTA);
 CREATE INDEX FECHA_IMPRESION_IND ON IMPRIME(FECHA_IMPRESION);
 CREATE INDEX TIPO_IND ON COMIC(TIPO);
 CREATE INDEX PUBLICO_IND ON REVISTA(PUBLICO);
 CREATE INDEX PERIODO_IND ON PERIODICO(PERIODO);
 CREATE INDEX ISBN_IND ON LIBRO(ISBN);
 CREATE INDEX NOMBRE_IND ON EMPLEADO(NOMBRE);
 CREATE INDEX PRESENCIALIDAD_IND ON REDACTOR(PRESENCIALIDAD);
 CREATE INDEX TEMATICA_PREFERIDA_IND ON ESCRITOR(TEMATICA_PREFERIDA);
 CREATE INDEX ESPECIALIDAD_IND ON REVISOR(ESPECIALIDAD);
 /*CREATE INDEX IDIOMA_IND ON TRADUCTOR(IDIOMA);*/
/* CREATE INDEX COMPETENCIAS_IND ON DISENADOR(COMPETENCIAS);*/
 CREATE INDEX TIPO_CAMARA_IND ON FOTOGRAFO(TIPO_CAMARA);
 CREATE INDEX ESTILO_IND ON DIBUJANTE(ESTILO);
 CREATE INDEX NIF_EMPLEADO_IND ON TRABAJA(NIF_EMPLEADO);
 CREATE INDEX NOMBRE_CLIENTE_IND ON CLIENTE(NOMBRE);
 CREATE INDEX NIF_CLI_PER_IND ON CLIENTE_PERSONA(NIF_CLI_PER);/*ERROR*/
 CREATE INDEX CIF_CLI_EMP_IND ON CLIENTE_EMPRESA(CIF);
 CREATE INDEX DESCUENTO_IND ON CLIENTE_EMPLEADO(DESCUENTO);
 CREATE INDEX PRECIO_IND ON COMPRA(PRECIO);
 CREATE INDEX COD_RECLAMACION_IND ON RECLAMACION(COD_RECLAMACION);/*ERROR*/
 CREATE INDEX FECHA_RECLAMACION_IND ON EMITE(FECHA_RECLAMACION); 
 
INSERT INTO DISTRIBUIDOR VALUES (1,'Amazon', '981813745','support@amazon.com');
INSERT INTO DISTRIBUIDOR VALUES (2,'El pais', '987745236','support@elPais.com');
INSERT INTO DISTRIBUIDOR VALUES (3,'SEUR', '978568521','support@SEUR.com');
INSERT INTO DISTRIBUIDOR VALUES (4,'DHL', '654879854','support@DHL.com');

INSERT INTO PAQUETERIA VALUES (1,3,'FURGONETA');
INSERT INTO PAQUETERIA VALUES (2,4,'FURGONETA');

INSERT INTO DISTRIBUIDOR_DIGITAL VALUES(1 ,'www.amazon.es',1);
INSERT INTO DISTRIBUIDOR_DIGITAL VALUES(2 ,'www.El pais.es',2);

INSERT INTO EMPLEADO VALUES('45954434C','MANUEL',NULL,'07/05/1980');
INSERT INTO EMPLEADO VALUES('45859854X','PEDRO',NULL,'09/02/1969');
INSERT INTO EMPLEADO VALUES('58986545M','MARIA',NULL,'16/09/1990');
INSERT INTO EMPLEADO VALUES('65982213T','IVAN',NULL,'03/07/1985');
INSERT INTO EMPLEADO VALUES('77982213W','JUAN','45954434C','03/03/1985');
INSERT INTO EMPLEADO VALUES('77985513H','PACO','45859854X','03/09/1978');
INSERT INTO EMPLEADO VALUES('54985513H','LUISA',NULL,'02/02/1988');
INSERT INTO EMPLEADO VALUES('77985223P','LUIS',NULL,'23/04/1968');
INSERT INTO EMPLEADO VALUES('70085223G','PABLO',NULL,'12/04/1966');
INSERT INTO EMPLEADO VALUES('77981234R','ANA',NULL,'25/07/1988');
INSERT INTO EMPLEADO VALUES('75551234A','PATRICIA',NULL,'22/02/1989');

INSERT INTO REDACTOR VALUES('77982213W','EMPRESA');

INSERT INTO ESCRITOR VALUES('77985513H','FANTASTICA');

INSERT INTO REVISOR VALUES('54985513H','FANTASTICA');

INSERT INTO TRADUCTOR VALUES('77985223P');

INSERT INTO IDIOMA VALUES ('77985223P','INGLES');
INSERT INTO IDIOMA VALUES('77985223P','FRANCES');
INSERT INTO IDIOMA VALUES('77985223P','ESPA—OL');

INSERT INTO DISENADOR VALUES('70085223G');

INSERT INTO COMPETENCIA VALUES ('70085223G','DISTRIBUCION TEXTO');

INSERT INTO FOTOGRAFO VALUES('77981234R','CANON');

INSERT INTO DIBUJANTE VALUES('75551234A','PINCEL');

INSERT INTO RESPONSABLE VALUES('45954434C',1);
INSERT INTO RESPONSABLE VALUES('45859854X',2);
INSERT INTO RESPONSABLE VALUES('58986545M',3);
INSERT INTO RESPONSABLE VALUES('65982213T',4);

INSERT INTO PUBLICACION VALUES(1,'45954434C','EL PAIS','PERIODISTICO','08/03/2017','PACO','DIGITAL',30);
INSERT INTO PUBLICACION VALUES(2,'45859854X','EL HOBBIT','FANTASTICA','06/06/2010','Peter Jackson','FISICO',200);
INSERT INTO PUBLICACION VALUES(3,'58986545M','WATCHMEN','COMIC','06/08/2008','ALAN PETERS','FISICO',70);
INSERT INTO PUBLICACION VALUES(4,'65982213T','EL CORAZON','COTILLEOS','15/05/2013','RAMON GUZMAN','FISICO',40);

INSERT INTO EJEMPLAR VALUES(1,1);/*EL PAIS*/
INSERT INTO EJEMPLAR VALUES(2,2);/*EL HOBBIT*/
INSERT INTO EJEMPLAR VALUES(4,3);/*EL CORAZON*/
INSERT INTO EJEMPLAR VALUES(3,4);/*WATCHMEN*/

INSERT INTO DISTRIBUYE VALUES(2,1,'12/04/2017');
INSERT INTO DISTRIBUYE VALUES(1,2,'20/07/2017');
INSERT INTO DISTRIBUYE VALUES(3,3,'24/08/2017');
INSERT INTO DISTRIBUYE VALUES(4,4,'30/01/2017');

INSERT INTO IMPRENTA VALUES('A58818501','IMPRESX','981516569','IMPRESX@HOTMAIL.COM');
INSERT INTO IMPRENTA VALUES('A00018501','SOLIPRENTA','981523632','SOLIPRENTA@GMAIL.COM');

INSERT INTO IMPRIME VALUES('A58818501',2,'07/06/2014');
INSERT INTO IMPRIME VALUES('A58818501',3,'20/05/2015');
INSERT INTO IMPRIME VALUES('A00018501',4,'10/08/2011');

INSERT INTO COMIC VALUES('MANGA',3);
INSERT INTO REVISTA VALUES('ADULTO',4);
INSERT INTO PERIODICO VALUES('SEMANAL',1);
INSERT INTO LIBRO VALUES('123456789',3,3);

INSERT INTO TRABAJA VALUES('77982213W',2);
INSERT INTO TRABAJA VALUES('77985513H',2);
INSERT INTO TRABAJA VALUES('54985513H',1);
INSERT INTO TRABAJA VALUES('54985513H',4);
INSERT INTO TRABAJA VALUES('77985223P',3);

INSERT INTO CLIENTE VALUES('LIBRERIA PALMA','981569658','	LIBRERIA_PALMA@GMAIL.COM',1);
INSERT INTO CLIENTE VALUES('STREAMBOOKS','981566655','	STREAMBOOKS@GMAIL.COM',2);
INSERT INTO CLIENTE VALUES('BRUNO','652292458','BRUNO@GMAIL.COM',3);
INSERT INTO CLIENTE VALUES('PATRICIA','651455898','PATRICIA@GMAIL.COM',4);

INSERT INTO CLIENTE_PERSONA VALUES('75551234A',4);
INSERT INTO CLIENTE_PERSONA VALUES('66552234A',3);

INSERT INTO CLIENTE_EMPRESA VALUES('B77818501',1);
INSERT INTO CLIENTE_EMPRESA VALUES('C88818501',2);

INSERT INTO CLIENTE_EMPLEADO VALUES(10,'75551234A');

INSERT INTO COMPRA VALUES(1,1,45.97,'3/09/2014');
INSERT INTO COMPRA VALUES(2,2,25.77,'26/01/2015');
INSERT INTO COMPRA VALUES(3,3,65.67,'15/03/2016');
INSERT INTO COMPRA VALUES(4,4,45.67,'07/01/2017');

INSERT INTO RECLAMACION VALUES(1);

INSERT INTO EMITE VALUES(1,1,1,'07/04/2014');
/*
SELECT NOMBRE_DISTRIBUIDOR FROM DISTRIBUIDOR,DISTRIBUYE WHERE DISTRIBUYE.COD_DISTRIBUIDOR=DISTRIBUIDOR.COD_DISTRIBUIDOR AND COD_EJEMPLAR = 1;
SELECT NOMBRE,NOMBRE_PUBLICACION FROM EMPLEADO,REDACTOR,PUBLICACION,TRABAJA WHERE REDACTOR.NIF_EMPLEADO = EMPLEADO.NIF_EMPLEADO AND TRABAJA.COD_PUBLICACION = PUBLICACION.COD_PUBLICACION;

SELECT * FROM PUBLICACION;
SELECT * FROM EJEMPLAR;
SELECT * FROM DISTRIBUYE;
SELECT * FROM CLIENTE;

*/